﻿<TextureAtlas>
    <Texture>Images/bigblock2</Texture>

    <Regions>
        <Region name="medTube" x="287" y="399" width="60" height="48"/>
        <Region name="flag1" x="265" y="593" width="28" height="170"/>
        <Region name="flag2" x="230" y="593" width="28" height="170"/>
        <Region name="flag3" x="196" y="593" width="28" height="170"/>
        <Region name="flag4" x="162" y="593" width="28" height="170"/>
        <Region name="flag5" x="132" y="593" width="28" height="170"/>
    </Regions>
    <Animations>
    <Animation name="flag" delay="200">
    <Frame Region="flag1"/>
    <Frame Region="flag2"/>
    <Frame Region ="flag3"/>
    <Frame Region="flag4"/>
    </Animation>
    </Animations>
</TextureAtlas>
