﻿<TextureAtlas>
    <Texture>Images/Blocks</Texture>

    <Regions>
        <Region name="ground" x="260" y="109" width="30" height="19"/>
        <Region name= "questionBlockColor1" x="79" y="109" width="17" height="19"/>
        <Region name= "questionBlockColor2" x="95" y="109" width="17" height="19"/>
        <Region name= "questionBlockColor3" x="111" y="109" width="17" height="19"/>
        <Region name= "questionBlock1" x="173" y="110" width="19" height="18"/>
        <Region name= "questionBlock2" x="240" y="110" width="19" height="18"/>
    </Regions>
    <Animations>
        <Animation name="question-Block" delay="300">
            <Frame region="questionBlockColor1"/>
            <Frame region="questionBlockColor2"/>
            <Frame region="questionBlockColor3"/>
        </Animation>
    <Animation name = "hit-Question" delay="300">
      <Frame region ="questionBlock1"/>
      <Frame region ="questionBlock2"/>
      </Animation>
    </Animations>
</TextureAtlas>
