﻿<TextureAtlas>
    <Texture>Images/items</Texture>

    <Regions>
        <Region name = "flowerC1" x="30" y="50" width="20" height="30"/>
        <Region name = "flowerC2" x="60" y="50" width="20" height="30"/>
        <Region name = "flowerC3" x="90" y="50" width="20" height="30"/>
        <Region name ="coin1" x="120" y="96" width="20" height="12"/>
        <Region name ="coin2" x="150" y="96" width="20" height="12"/>
        <Region name ="coin3" x="171" y="96" width="20" height="12"/>
        <Region name ="coin4" x="180" y="96" width="20" height="12"/>
        <Region name="Star1" x="1" y="82" width="20" height="30"/>
        <Region name = "Star2" x="30" y="82" width="20" height="30"/>
        <Region name = "Star3" x="60" y="82" width="20" height="30"/>
        <Region name = "Star4" x="90" y="82" width="20" height="30"/>
        <Region name = "mushroom" x="182" y="30" width="20" height="30"/>
    </Regions>
    <Animations>
        <Animation name = "flower" delay="100">
            <Frame region="flowerC1"/>
            <Frame region="flowerC2"/>
            <Frame region="flowerC3"/>    
            <Frame region="flowerC1"/>   
        </Animation>     
        <Animation name = "coin" delay="400">
            <Frame region="coin1"/>
            <Frame region="coin2"/>
            <Frame region="coin4"/>
            <Frame region="coin2"/>
            <Frame region="coin2"/>
            <Frame region="coin1"/>
            </Animation>
        <Animation name = "star" delay = "300">
            <Frame region="Star1"/>
            <Frame region="Star2"/>
            <Frame region="Star3"/>
            <Frame region="Star4"/>
        </Animation>
    </Animations>
</TextureAtlas>
